prompt,completion
UCA: The driver of the copying locomotive makes a trip while the condition of the track does not allow a continuous trip. lossScenario: The driver was not adequately trained.\n,instruction:Sufficient driver training is required.
UCA: The driver of the copying locomotive makes a trip while the condition of the track does not allow a continuous trip. lossScenario: The driver did not implement the control algorithm.\n,instruction:The driver is required to know the control algorithm in depth.
UCA: The driver of the copying locomotive makes a trip while the condition of the track does not allow a continuous trip. lossScenario: The driver is inexperienced.\n,instruction:The driver must have experience or with an experienced escort if he is new.
UCA: The driver of the copying locomotive makes a trip while the condition of the track does not allow a continuous trip. lossScenario: The driver does not remember the order of the algorithm of actions.\n,instruction:The operation algorithm must appear in front of the driver in writing on paper or on a dedicated tablet.
UCA: The driver of the copying locomotive makes a trip while the condition of the track does not allow a continuous trip. lossScenario: The locomotive driver fell asleep.\n,instruction:There must be an active auxiliary system to check driver alertness in the driver's cabin.
UCA: The driver of the copying locomotive makes a trip while the condition of the track does not allow a continuous trip. lossScenario: The driver received a personal phone call..\n,instruction: All distractions in the cockpit must be removed or reduced.
UCA: The driver of the copying locomotive makes a trip while the condition of the track does not allow a continuous trip. lossScenario: The driver felt severe pain in his body.\n,instruction: In copying cars there must be an assistant driver accompanying the driver for any emergency.
UCA: The driver of the copying locomotive makes a trip while the condition of the track does not allow a continuous trip. lossScenario: Excessive fatigue of the driver (lack of vigilance).\n,instruction: In copying cars there must be an assistant driver accompanying the driver for any emergency.
UCA: The driver of the copying locomotive makes a trip while the condition of the track does not allow a continuous trip. lossScenario: The driver assumed that the track was free.\n,instruction: The driver must receive information from the control room and/or from copies in the field about the condition of the track.
UCA: The driver of the copying locomotive makes a trip while the condition of the track does not allow a continuous trip. lossScenario: The driver rushed to finish his last trip to the shift thinking that everything was free.\n,instruction:The driver must perform the task in the correct order and at the correct time.
UCA: The driver of the copying locomotive makes a trip while the condition of the track does not allow a continuous trip. lossScenario: A problem of detecting the track condition.\n,instruction: The driver must verify in his wireless connection with the control center and with copies in the field the condition of the track before and during the operation.
UCA: The driver of the copying locomotive makes a trip while the condition of the track does not allow a continuous trip. lossScenario: A problem with the driver's field of vision..\n,instruction: The driver must verify in his wireless connection with the control center and with copies in the field the condition of the track before and during the operation.
UCA: The driver of the copying locomotive makes a trip while the condition of the track does not allow a continuous trip. lossScenario: The driver didn't know he was going too fast - the speedometer failed..\n,instruction: The driver must drive at the permitted speed when performing the task while monitoring the speedometer he has on the dashboard in the driver's cabin.
UCA: copyist gives a drive command when the condition of the brace does not allow for safe travel. lossScenario: copyist has not received sufficient training.\n,instruction: Adequate training is required to copyist.
UCA: copyist gives a drive command when the condition of the brace does not allow for safe travel. lossScenario: The replica did not implement the control algorithm.\n,instruction: A copyist is required to know the control algorithm in depth.
UCA: copyist gives a drive command when the condition of the brace does not allow for safe travel. lossScenario: Inexperienced copyist.\n,instruction: Two giants must be in the field to help each other.
UCA: copyist gives a drive command when the condition of the brace does not allow for safe travel. lossScenario: The copyist does not remember the order of the algorithm of operations.\n,instruction: The operation algorithm must appear in front of the copyist written on paper or in a designated table.
UCA: copyist gives a drive command when the condition of the brace does not allow for safe travel. lossScenario: copyist by distraction.\n,instruction: The copyist must be alert and attentive to the task it is performing.
UCA: copyist gives a drive command when the condition of the brace does not allow for safe travel. lossScenario: copyist received a personal phone call.\n,instruction: All distractions in the cockpit must be removed or reduced.
UCA: copyist gives a drive command when the condition of the brace does not allow for safe travel. lossScenario: Excessive fatigue of the brain (lack of alertness).\n,instruction: In copying cars there must be an assistant driver accompanying the driver for any emergency.
UCA: copyist gives a drive command when the condition of the brace does not allow for safe travel. lossScenario: The copyist came from the premise that the brace was removed from the rail.\n,instruction: The copyist must physically access the brace and verify its condition.
UCA: copyist gives a drive command when the condition of the brace does not allow for safe travel. lossScenario: Rely on remote visual inspection and assume the brace has been removed from the rail.\n,instruction: The copyist must physically access the brace and verify its condition.
UCA: copyist gives a drive command when the condition of the brace does not allow for safe travel. lossScenario: The copyist hurried to give instructions to the driver before thoroughly checking the condition of the brace.\n,instruction: The copyist will verify by visual inspection in the field that there is no other brace placed on the rail.
UCA: copyist gives a drive command when the condition of the brace does not allow for safe travel. lossScenario: The problem of detecting the track condition.\n,instruction: The driver must verify in his wireless connection with the control center and with copies in the field the condition of the track before and during the operation.
UCA: copyist gives a drive command when the condition of the brace does not allow for safe travel. lossScenario: A problem with the field of view of the copy..\n,instruction: A copyist will not give instructions to the copyist locomotive driver if he is not sure of it.
UCA: copyist gives a drive command when the condition of the brace does not allow for safe travel. lossScenario: The copyist does not have the option of associating each brace to which rail it belongs.\n,instruction: The copyist will be equipped with all the necessary means to perform its operation.
UCA: copyist gives a drive command when the condition of the brace does not allow for safe travel. lossScenario: copyist noticed too late that there was still a brace on the rail.\n,instruction: Each brace must be tied with a cable attached to the rail and associated with the specific rail.
UCA: The driver of the copying locomotive did not receive a report at the right time (too late) about the status of the signal can'ttravel. lossScenario: The driver was not adequately trained.\n,instruction: Make sure the driver has adequate training.
UCA: The driver of the copying locomotive did not receive a report at the right time (too late) about the status of the signal can'ttravel. lossScenario: The driver did not implement the control algorithm..\n,instruction: The driver is required to know the control algorithm in depth.
UCA: The driver of the copying locomotive did not receive a report at the right time (too late) about the status of the signal can'ttravel. lossScenario: The driver is inexperienced.\n,"instruction: The driver must have experience or with
An experienced lender if he is new."
"UCA: The driver of the copying locomotive did not receive a report at the right time (too late) about the status of the signal can'ttravel. lossScenario: The driver does not remember the order of the algorithm
the actions.\n","instruction: The operation algorithm must appear against
The driver is written on paper or on a tablet
dedicated"
UCA: The driver of the copying locomotive did not receive a report at the right time (too late) about the status of the signal can'ttravel. lossScenario: The locomotive driver fell asleep.\n,instruction: There must be an active auxiliary system to check driver alertness in the driver's cabin.
UCA: The driver of the copying locomotive did not receive a report at the right time (too late) about the status of the signal can'ttravel. lossScenario: A fly enters the driver's eyes.\n,"instruction: In the copycats, there must be an assistant driver accompanying the driver for any emergency."
UCA: The driver of the copying locomotive did not receive a report at the right time (too late) about the status of the signal can'ttravel. lossScenario: The driver felt strong pains in his stomach.\n,"instruction: In the copycats, there must be an assistant driver accompanying the driver for any emergency."
UCA: The driver of the copying locomotive did not receive a report at the right time (too late) about the status of the signal can'ttravel. lossScenario: The driver received a personal phone call..\n,"instruction: In the copycats, there must be an assistant driver accompanying the driver for any emergency."
UCA: The driver of the copying locomotive did not receive a report at the right time (too late) about the status of the signal can'ttravel. lossScenario: Excessive fatigue of the driver (lack of vigilance).\n,"instruction: There must be an active auxiliary system
To test driver alertness in the driver's cab.."
UCA: The driver of the copying locomotive did not receive a report at the right time (too late) about the status of the signal can'ttravel. lossScenario: The driver assumed that Simnor was still broken.\n,instruction: The driver must receive information from the control room and/or from copies in the field about the state of the sign.
"UCA: The driver of the copying locomotive did not receive a report at the right time (too late) about the status of the signal can'ttravel. lossScenario: The driver relied on the copy's guidance only
to advance without reference to Simnor.\n","instruction: It is the driver's responsibility to verify personally
Visualize the status of the signal in addition
to guide copies in the field."
UCA: The driver of the copying locomotive did not receive a report at the right time (too late) about the status of the signal can'ttravel. lossScenario: The driver was in a hurry to finish his last trip to the shift and did not obey to Simnor with the thought that everything is free.\n,instruction: The driver must perform the task in the correct order and at the correct time.
UCA: The driver of the copying locomotive did not receive a report at the right time (too late) about the status of the signal can'ttravel. lossScenario: A problem with the driver's field of vision..\n,"instruction: The driver must verify his wireless connection
with the control center and with copies in the field
the status and color of the signal during execution
the action."
UCA: The driver of the copying locomotive did not receive a report at the right time (too late) about the status of the signal can'ttravel. lossScenario: The driver noticed the signal out of time (too late).\n,"instruction: The driver must verify his wireless connection
with the control center and with copies in the field
the status and color of the signal during execution
the action"
UCA: A copyist gives a drive command when the state of the wagons does not allow for safe travel. lossScenario:Copy has not received sufficient training.\n,instruction: Adequate training is required for Atek.
"UCA: A copyist gives a drive command when the state of the wagons does not allow for safe travel. lossScenario:Copy did not implement their algorithm
the control..\n","instruction: Copy is required to know the algorithm
The control in depth.."
UCA: A copyist gives a drive command when the state of the wagons does not allow for safe travel. lossScenario: Inexperienced copy.\n,"instruction: Two giants must be in the field to help
to each other."
UCA: A copyist gives a drive command when the state of the wagons does not allow for safe travel. lossScenario: The copy does not remember the order of the algorithm of operations.\n,"instruction: The operation algorithm must appear against
Copy in writing on paper or on a table
dedicated."
UCA: A copyist gives a drive command when the state of the wagons does not allow for safe travel. lossScenario: Copy received a personal phone call.\n,"instruction: The copyist must be alert and attentive
for the task he is performing."
UCA: A copyist gives a drive command when the state of the wagons does not allow for safe travel. lossScenario:Copy by distraction.\n,"instruction: The copyist must be alert and attentive
for the task he is performing.."
UCA: A copyistist gives a drive command when the state of the wagons does not allow for safe travel. lossScenario: The copyist felt bad. .\n,"instruction: The copyist must be alert and attentive
for the task he is performing."
UCA: A copyistist gives a drive command when the state of the wagons does not allow for safe travel. lossScenario: Excessive fatigue of the brain (lack of alertness) .\n,"instruction: The copyist must be alert and attentive
for the task he is performing."
UCA: A copyist gives a drive command when the state of the wagons does not allow for safe travel. lossScenario: The copy was based on the assumption that the wagons are connected to the copying locomotive .\n,"instruction: A copyist must be physically accessed and connected
the carriages for the copyisting locomotive."
"UCA: A copyistist gives a drive command when the state of the wagons does not allow for safe travel. lossScenario: A copyist connected the carriages in a non-
OK. .\n",instruction: The copyistist will verify by visual inspection that the connections between the parked cars and the copyist locomotive are in good condition.
UCA: A copyistist gives a drive command when the state of the wagons does not allow for safe travel. lossScenario: copyist rushed to give instructions to the driver in front of me who thoroughly checked the condition of the wagons. .\n,"instruction: A copyist will use a digital device
To measure the distance between the parked cars
To the copyisting locomotive and will give instructions to the driver accordingly.."
UCA: A copyistist gives a drive command when the state of the wagons does not allow for safe travel. lossScenario: The copyist was not accurate in providing instructions for the exact distance between the cars and the copyisting locomotive to the driver.\n,instruction: A copyist will use a digital device to measure the distance between the parked carsTo the copyisting locomotive and will give instructions to the driver accordingly..
UCA: A copyistist gives a drive command when the state of the wagons does not allow for safe travel. lossScenario: Problem of correctly connecting wagons\n,"instruction: The driver will receive an indication in the cab that the line is connected
Brake between the cars and the locomotive, a correct copy."
UCA:The door controller does not provide Open Door command when Evacuation Required. lossScenario: Emergency conditions damage the door operation mechanism.\n,"instruction: Make sure that the door operating mechanism is able to function in immense heat and cold, underwater, and while the train is turning on its side or upside down."
UCA:The door controller does not provide Open Door command when Evacuation Required. lossScenario: Panicking passengers jam door operation mechanism.\n,instruction: Make sure that the door operating mechanism is able to withstand the pressures created by all passengers of the train.
UCA:The door controller does not provide Open Door command when there is a passenger trapped in the doorway. lossScenario: Small objects stuck in the door movement rail.\n,"instruction:When evacuation required, you must make sure that the door movement rail is positioned on the upper part of the door."
UCA:The door controller does not provide Open Door command when there is a passenger trapped in the doorway. lossScenario: The door operation train could be damaged during the pressures and forces bread by closing on a passenger.\n,"instruction: When evacuation is required, you must make sure paniced passengeres do not jam door operating mechanism. Extension: Make sure that the door operating mechanism is able to withstand the pressures created by all passengers of the train."
"UCA:The door controller does not provide Close Door command when the train is moving, and the door is not closed. lossScenario: The feedback of the controllers might be bypassed by an unauthorized source.\n",instruction: Make sure there is a backup ad module so that the controller data is not harmed by malicious sources.
UCA:The door controller does not provide Open Door command when there is a passenger trapped in the doorway. lossScenario: Sensor does not read a short or small passenger.\n,"instruction: Make sure the sensor is placed on the upper rail of the door, and therefore it will be able to perceive all passenger heights and widths."
UCA:The door controller does not provide Open Door command when there is a passenger trapped in the doorway. lossScenario: Sensor is not compatible with certain clothes materials and as an effect does not read person.\n,instruction: Make sure that the sensors are of a technology that would read all kinds of materials and colors.
UCA:The door controller does not provide Stop Closing Door command when passenger is in doorway and door has started closing. lossScenario: The time delay on the doorway monitoring system being slower than the train movement time delay.\n,instruction: The time delay of the doorway monitoring system is much smaller than the time delay of the transmission train movement data.
UCA:The door controller does not provide Stop Closing Door command when passenger is in doorway and door has started closing. lossScenario: Emergency conditions damage the drive train of the door operation mechanism.\n,"instruction: Door operation mechanism should be able to function in immense heat and cold, underwater, and while the train is flipped on its side or upside down."
UCA:The door controller does not provide Stop Closing Door command when passenger is in doorway and door has started closing. lossScenario: Immature passengers fiddled with controller box.\n,instruction: Controller box must be in a position where passengers are unable to fiddle with it or it is locked.
UCA:The door controller does not provide Stop Closing Door command when passenger is in doorway and door has started closing. lossScenario: Sensor does not read a short or small passenger.\n,"instruction: Sensor should be placed on the upper rail of the door, so it will be able to perceive all passenger heights and widths."
UCA:The door controller does not provide Stop Closing Door command when passenger is in doorway and door has started closing. lossScenario: The door operation train could be damaged during the pressures and forces bread by closing on a passenger.\n,instruction: Door operation train should be able to sustain opening forces while it is trying to close.
UCA:The door controller does not provide Stop Closing Door command when passenger is in doorway and door has started closing. lossScenario: A sensor is not compatible with certain clothes materials and as an effect does not read the person.\n,instruction: A sensor should be of a technology that would read all kinds of materials and colors.
UCA:The door controller does not provide Stop Closing Door command when passenger is in doorway and door has started closing. lossScenario: Feedback mechanism misfires because of inadequate maintenance.\n,instruction: There should exist alternative exits in case of emergency.
UCA:The door controller does not provide Stop Closing Door command when passenger is in doorway and door has started closing. lossScenario: The protocols and delay times of the controllers might be tampered with by an unauthorized source.\n,instruction: A backup awareness module should be placed so the protocols and delay times of the controllers are not tampered with by malicious sources.
UCA:The door controller provides Open Door command when the train is moving. lossScenario: The feedback of the controllers might be bypassed by an unauthorized source.\n,instruction: A backup awareness module should be placed at the receiving data of the controllers that is not tampered with by malicious sources.
UCA:The door controller provides Open Door command when the train is moving. lossScenario: Door actuator misfire because of wire ware and tare.\n,"instruction: Door actuator wires should be able to function in immense heat and cold, underwater, and while the train is flipped on its side or upside down."
UCA:The door controller provides Open Door command when the train is moving. lossScenario: Doorway sensors misfire due to object or electronic error.\n,instruction: Sensors should be able to monitor constant movement to differentiate a human from an inanimate object.
UCA:The door controller provides Open Door command when the train is moving. lossScenario: Evacuation mode misfire.\n,instruction: Evacuation signal should be complicated enough that a misfire would not be possible.
UCA:The door controller provides Open Door command when the train is moving. lossScenario: Train speed sensory system reads false speeds.\n,instruction: Train speed sensory method should be able to read correct speeds when the train is moving over all varieties of terrain.
UCA:The door controller provides Open Door command when the train is moving. lossScenario: The protocols and delay times of the controller might be tampered by an unauthorized source.\n,"instruction: A backup awareness module should be placed so the protocols and delay times of the controller are not tampered with by malicious sources.""\n}"
"UCA:The door controller does not provide Stop Opening Door command when the door is opening, while the train is moving. lossScenario: Train was stopped and started moving, but the train movement data time delay is too long.\n",instruction: The time delay of the train movement data should be small.
"UCA: The door controller does not provide Stop Opening Door command when the door is opening, while the train is moving. lossScenario: The feedback of the controller might be bypassed by an unauthorized source.\n",instruction: A backup awareness module should be placed so the receiving data of the controller is not tampered with by malicious sources.
"UCA:The door controller does not provide Stop Opening Door command when the door is opening, while the train is moving. lossScenario: Train speed sensory system reads false speeds.\n",instruction: Train speed sensory method should be able to read correct speeds when the train is moving over all varieties of terrain.
"UCA:The door controller does not provide Stop Opening Door command when the door is opening, while the train is moving. lossScenario: The feedback of the controller might be bypassed by an unauthorized source.\n","instruction: A backup awareness module should be placed at the receiving data of the controller, so it is not tampered with by malicious sources."
UCA: The door controller provides Stop Opening Door command when evacuation is required and door is opening. lossScenario: Emergency conditions damage the drive train of the door operation mechanism.\n,"instruction: Door operation mechanism should be able to function in immense heat and cold, underwater, and while the train is flipped on its side or upside down."
UCA: The door controller provides Stop Opening Door command when evacuation is required and door is opening. lossScenario: Door actuator misfire because of Emergency conditions or inadequate maintenance.\n,"instruction: Door operation mechanism should be able to function in immense heat and cold, underwater, and while the train is flipped on its side or upside down."
"UCA: The door controller provides Open Door command at a wrong timing and causes a hazard when the train is about to reach the platform, but the train has not slowed down. lossScenario: Train was moving and stopped, but the train movement data time delay is too long.\n",instruction: The time delay of the train movement data should be small.
UCA: The door controller provides Stop Opening Door command when evacuation is required and door is opening. lossScenario: Panicking passengers jam door operation mechanism.\n,instruction: Door operation mechanism must be able to withstand the pressures created by the number of passengers of 2 wagons of the train.
UCA: The door controller provides Stop Opening Door command when evacuation is required and door is opening. lossScenario: Emergency conditions damage the Feedback mechanism.\n,instruction: There should exist alternative exits in case of emergency.
"UCA: The door controller does not provide Stop Opening Door command when the door is opening, while the train is moving. lossScenario: The protocols and delay times of the controller might be tampered with by an unauthorized source.\n",instruction: A backup awareness module should be placed so the protocols and delay times of the controller is not tampered by malicious sources.
"UCA: The door controller provides Open Door command at a wrong timing and causes a hazard when the train is about to reach the platform, but the train has not slowed down. lossScenario: Train platform alignment not detected properly.\n","instruction: Train alignment method should be able to read the correct state of alignment in all different types of platforms (wooden, concrete, steel, bamboo, soil, brick, mixed) and consider the train dock to be full of litter."
UCA: The door controller provides Open Door command when the train is not aligned with the platform and evacuation is not required. lossScenario: Object left inside doorway and controller thinks it is a person.\n,instruction: Sensors should be able to monitor constant movement to differentiate a human from an inanimate object.
"UCA: The door controller provides Open Door command at a wrong timing and causes a hazard when the train is about to reach the platform, but the train has not slowed down. lossScenario: The protocols and delay times of the controller might be tampered with by an unauthorized source.\n",instruction: A backup awareness module should be placed so the protocols and delay times of the controller are not tampered with by malicious sources.
"UCA: The door controller provides Open Door command at a wrong timing and causes a hazard when the train is about to reach the platform, but the train has not slowed down. lossScenario: Train was moving and stopped, but train movement data time delay is too long.\n",instruction: The time delay of the train movement data should be small.
"UCA: The door controller provides Open Door command at a wrong timing and causes a hazard when the train is about to reach the platform, but the train has not slowed down. lossScenario: Train speed sensory system reads false speeds.\n","instruction: Train speed sensory method should be able to read correct speeds when the train is moving over all varieties of terrain (mud, water, flora, charcoal, organic matter, metal/plastic waste)."
"UCA: The door controller provides Open Door command at a wrong timing and causes a hazard when the train is about to reach the platform, but the train has not slowed down. lossScenario: Train platform alignment not detected properly.\n","instruction: Train alignment method should be able to read the correct state of alignment in all different types of platforms (wooden, concrete, steel, bamboo, soil, brick, mixed) and consider the train dock to be full of litter."
"UCA: The door controller provides Open Door command at a wrong timing and causes a hazard when the train is about to reach the platform, but the train has not slowed down. lossScenario: Object left inside doorway and controller thinks it is a person.\n",instruction: Sensors should be able to monitor constant movement to differentiate a human from an inanimate object.
"UCA: The door controller provides Stop Opening Door command before Open Door command, nullifying Stop Open Door command while the train is moving. lossScenario: The case of both control actions given at the same time and the time delay of stop opening door control action is smaller than Open Door control action.\n",instruction: Time delays for the activation of Control Actions should be equal.
